"","baseMean","log2FoldChange","lfcSE","stat","pvalue","padj"
"SH2D2A",8.53009609088592,-2.80225456447732,1.0131389532827,-2.7659133580815,0.0056763614050231,0.0458447882416331
"LAMC2",112.521175061752,2.84975955936379,0.638861712820291,4.46068296499311,8.16988748155594e-06,0.000499590115813534
"TARBP1",790.108510291131,1.50581408450861,0.382360816795029,3.93820187207056,8.20945136297982e-05,0.00258582228402991
"TIE1",293.391194486455,-1.6695331939994,0.450148103851378,-3.70885310793315,0.000208200162491329,0.00493006172004291
"OVGP1",139.30315427941,1.79499363588284,0.372224832754444,4.82233714123796,1.41885863616158e-06,0.000154813242301186
"TFAP2E",231.598634312724,2.08160720294684,0.403925840851284,5.15343905346535,2.55752219911317e-07,4.64079082521688e-05
"IRF6",262.175966657154,-2.12339683335688,0.673521812777166,-3.15267715621767,0.00161780621865255,0.0199465709115108
"RSRP1",1235.42465218005,1.5633699458097,0.268828818671341,5.81548493772539,6.04583573695023e-09,2.96850534684256e-06
"TRMT13",184.217040175249,1.89461150195528,0.261517661876934,7.24467895727384,4.33464725263216e-13,9.04532515443016e-10
"LRRC39",48.6555637718053,2.44939378645466,0.416640000550794,5.87892133068497,4.12948556022989e-09,2.46205828365992e-06
"RHBG",112.709016351206,-3.73038680251065,1.07338679550552,-3.47534254951756,0.000510201398033175,0.0090802794656352
"PTPN22",11.6613266013682,2.18915114229313,0.676877717183753,3.23418999727368,0.00121988272807971,0.0166197297004269
"HSPG2",47.8094987174047,-1.66179340364467,0.452644634141372,-3.67129814053125,0.000241321635023778,0.00546624609916817
"HHIPL2",1.6908750712372,3.77752163034501,1.31405853670054,2.87469813927009,0.00404413933896605,0.0363374283268536
"SPAG17",3.06242899357242,3.47808729228523,1.04779291037173,3.31944152117931,0.000901976941384161,0.013408373160701
"GRHL3",11.7581270023857,3.60560713861769,1.18504376203102,3.04259408314013,0.00234548484269634,0.0255084846670832
"CDA",67.4665379971886,-1.70681952579494,0.566480420597403,-3.01302474672461,0.00258657824412712,0.0272775345593545
"TCHH",7.69325079178547,3.04978151383673,0.980516910243909,3.11038135291117,0.00186845942508076,0.0218738160184419
"CTRC",2.73788713561807,3.56950437528662,1.24813457990809,2.85987138946947,0.00423812845955685,0.0375338549092
"HFM1",108.606455610726,2.38686927134285,0.512922767207663,4.65346719611785,3.2639955072728e-06,0.000282771968328615
"TRIM58",19.5333984763457,-1.92229055808519,0.488752317805125,-3.93305665887735,8.38724580134768e-05,0.00262695462303374
"ELF3",4.65402247637175,3.64981575894726,1.12103628055235,3.25575168463676,0.00113092612494017,0.0157199673020409
"KRTCAP2",25.1442983668189,2.2552024178249,0.497541409339363,4.53269290855482,5.82364499743545e-06,0.000405956390999491
"TSACC",8.11490163430586,-2.65022542653096,0.866582304744111,-3.0582501073727,0.00222633676838769,0.024591981768761
"TAS1R1",5.62409312438882,-2.29866163944936,0.597103653643561,-3.84968610629459,0.000118269292572081,0.0033924185054954
"CD34",328.518213675367,-1.6648933484626,0.469004532141944,-3.54984490418254,0.00038545816995768,0.0075882531713131
"CATSPERE",23.2026960240408,1.59026164411557,0.495119139795639,3.21187673086512,0.00131870945090408,0.0174718536296767
"MROH7",16.9494651348024,2.90308323752317,0.847866769981048,3.42398515935241,0.000617099908611821,0.0103098713271462
"CYP4Z1",7.80907560273592,2.36119044448122,0.718954955134855,3.28419802606177,0.00102273033303243,0.0145724013738011
"GJA4",106.720665955155,-1.64582700506463,0.565173051585088,-2.91207622240432,0.00359035011786228,0.0336915710329359
"HRNR",3.43699565753356,3.30363223462044,1.11117815394283,2.97308961924606,0.00294818356372798,0.0298646701534435
"ARMH1",65.8291678754026,1.5516328292604,0.498767450074378,3.11093442250294,0.00186496350587018,0.0218635539094078
"SH2D1B",10.0951092439703,1.56966891763704,0.566509800831359,2.77077098283831,0.0055923745014442,0.0454302189426324
"C1orf146",14.19583497179,4.89915419149631,0.92902193619404,5.27345372657922,1.33880021781789e-07,2.84448551772629e-05
"AMY2B",290.191533243658,2.40066768368635,0.391683214676831,6.1291053426098,8.83746007525632e-10,6.41445906505778e-07
"BGLAP",20.7885489972683,2.17040555294424,0.711479367261248,3.05055304878193,0.00228420324574525,0.0250377471992589
"LEFTY1",13.869735690677,2.25967919645648,0.752012903593163,3.0048409883123,0.0026571972567368,0.0278463597011702
"ZBED6",14.8929975855946,2.55502652429676,0.928627157109283,2.75140189982197,0.00593407903545359,0.0473761431936214
"NBPF11",132.131112757383,1.6693891364183,0.381244809258706,4.37878522113985,1.19342675426856e-05,0.000646852799862315
"NBPF10",34.4607604880289,1.84986674516854,0.640661948905608,2.88743033409198,0.00388402607249685,0.0354725818754726
"NBPF26",64.0115605785879,1.96826514082464,0.524320433495867,3.75393559946039,0.000174079606356292,0.00439131664828325
"CLK1",3617.19312095144,1.72142073823436,0.357356194171171,4.81710060245887,1.45659259084082e-06,0.000157898420204523
"PTPRN",2171.28351547547,-1.53502421531539,0.334730690994206,-4.58584843462103,4.52146529262056e-06,0.000347840283847961
"FAP",12.3105395266514,2.16571997152186,0.765361660398939,2.82966874822682,0.00465962201488089,0.0400933338357955
"RAPGEF4",2611.96897641604,2.12250476427281,0.310568825310826,6.83424925907663,8.24355834897472e-12,1.05859971598295e-08
"GALNT3",55.3394756025579,1.78900104643449,0.45993298874156,3.88969934800598,0.000100368491439177,0.00301901188483897
"SMYD1",11.8365383430098,1.97640612220952,0.664734559963398,2.97322606833974,0.00294687317153498,0.0298646701534435
"WNT6",34.3080158626431,-2.30894954053828,0.603485939321356,-3.82602044238974,0.000130231479897885,0.00362347387569216
"IL18RAP",2.36203532960715,4.1459947470131,1.35094092309488,3.06896821033077,0.00214799446717029,0.0239856987524688
"PAIP2B",3194.08486873304,1.94077620149217,0.659797435496056,2.94147278707295,0.00326655542730938,0.0315760719765506
"MPHOSPH10",319.299093496838,1.51928145910487,0.331138189526803,4.58805872338652,4.47386804736518e-06,0.000346785862603784
"SRRM1",945.397024372469,1.63082905732395,0.260538036219468,6.25946629900211,3.86297200684104e-10,3.39412919380023e-07
"DOCK10",313.908622377125,1.53646067040054,0.368042767473823,4.17467970080356,2.98405594526579e-05,0.00124539574875668
"ANKRD36",131.997454873469,2.12437006876955,0.411459757971198,5.16300811346478,2.43012602610359e-07,4.50761376441926e-05
"TRIM54",29.3934338925931,2.30372719510155,0.700572380507867,3.28835001093179,0.00100776466163528,0.0144274329123493
"FAM163A",28.2841182253966,-1.79557809223986,0.564776865214395,-3.17926990787457,0.00147646538073976,0.0190186057608562
"LYG1",25.4002487484346,2.15327126983206,0.606744263989182,3.54889431615698,0.000386852309677324,0.00760672845436189
"PLA2R1",245.277644278137,1.9383267138376,0.533668115494792,3.63208267003261,0.000281143018333031,0.00605514940530437
"FLACC1",13.9453942090024,1.94603728218225,0.658564546390568,2.95496818474059,0.00312701295813191,0.0308216883373464
"EN1",6.37432474235227,4.02289492107373,1.19938443686914,3.35413300140449,0.000796140854824339,0.0123520217754996
"ANKRD23",28.8110287558854,3.00387685958803,0.632674590646567,4.74790185033066,2.05537730792555e-06,0.000206701619147646
"CXCR1",5.43536035170165,-4.53042961922229,1.62982523170184,-2.77970271357972,0.00544086829213534,0.0447658231980815
"FEV",8.93294143911635,-2.46391329669852,0.744342118076089,-3.31018927568821,0.000932329027987568,0.01374938232617
"NPR1",42.6261777147642,-1.96214318662933,0.529807908773467,-3.7034992383783,0.000212645820113241,0.00500203795463926
"SLC38A11",47.9407275165095,1.69540066624686,0.457791323186602,3.7034355619619,0.000212699227165459,0.00500203795463926
"ANKRD36C",111.995003195726,1.5613235898454,0.412518321548332,3.78485877666035,0.000153795888166762,0.00400541116545385
"TTC32",242.783668433715,1.50812145580486,0.28597367879896,5.27363728766477,1.33746117445266e-07,2.84448551772629e-05
"SLC4A5",18.8193222407483,2.57937050060337,0.734993987240233,3.50937632876213,0.000449158887123979,0.00832215145576882
"PRELP",551.845581615898,-1.64880222575894,0.465333333692065,-3.54327125606274,0.00039519598352645,0.00767629741898465
"SULT1C2",4.62440876580989,4.11261906364892,1.33789454332873,3.07394860391355,0.00211245822115647,0.0238118686995179
"FCGR3A",371.94386232784,1.67268968263766,0.600314869247705,2.78635390913075,0.00533046392512844,0.0440965137592142
"SP5",28.7742525267099,-1.7676638023876,0.615037564411378,-2.87407453572261,0.00405213321043975,0.036349442135992
"CAPN14",5.20116931484161,2.78106217420052,0.888823009495337,3.12892684425393,0.00175445982762333,0.0209686957580117
"C2orf92",68.8879317911929,1.9095427432167,0.46314465326907,4.12299425187865,3.73979034421074e-05,0.00147943270157
"FAM237A",4.39177743987748,2.52311436476536,0.80524323463936,3.13335679981884,0.00172819223068653,0.0208006064160641
"KLHL41",20.8123776919903,2.19508437263434,0.544031645868402,4.0348468500035,5.46379236676811e-05,0.00196053533694708
"CD8B2",23.7143118281263,-3.91227874418313,0.609900186899883,-6.41462132364511,1.41173325889498e-10,1.38632206023487e-07
"NBPF12",218.207559196949,2.11126709408788,0.281167846074768,7.50892082278303,5.96167673451178e-14,1.99048462811879e-10
"MCF2L2",752.286989001068,1.61472829083573,0.292456631383883,5.52125723118316,3.3658261242885e-08,1.06017172299759e-05
"ITIH4",4.25198463854128,3.10432007493853,1.1073919230404,2.80327137154429,0.00505870845232556,0.0424585615400316
"IGF2BP2",99.6566301452822,-1.50915209150834,0.517412666217954,-2.91672815538039,0.00353723915037086,0.0333997004390787
"CRYBG3",42.3142343394721,1.87444116672524,0.610014995305085,3.07277883519533,0.00212075600260784,0.0238570759484739
"CLDN16",5.59062667463778,2.04910654755637,0.742723590995399,2.75890866050202,0.00579947422827966,0.0464793196192514
"FRMD4B",216.052664493156,1.51557605420285,0.51471890870539,2.94447324271571,0.00323504917932185,0.0314719761069924
"UPK1B",3.94976302701524,-4.67980128118895,1.66130148075283,-2.81694884125924,0.00484822475329033,0.0411679878084582
"DNAH1",144.293922824012,1.89831422580637,0.470524385399794,4.03446513020449,5.47268160427303e-05,0.00196053533694708
"CPO",13.0809633988299,2.57335263073677,0.815066546020685,3.15723009771458,0.0015927560897682,0.019783831966213
"VWA5B2",989.093028151364,1.79089301692637,0.304392865543156,5.88349209082386,4.01699300329444e-09,2.46205828365992e-06
"CCDC191",63.3337148309935,2.0418844173122,0.473481543170713,4.31248999409467,1.61426190079422e-05,0.00078547512488107
"CLEC3B",79.6523904875964,-2.40745523201051,0.46819293705627,-5.1420152707711,2.71807018311171e-07,4.87908211149106e-05
"MOBP",6799.94417018813,2.12001206505965,0.764512909891774,2.77302323823382,0.00555381545827317,0.0452049708729461
"ZBBX",43.5735727193963,2.23941078944183,0.622243378475545,3.59893068678084,0.0003195283317485,0.00665112963866516
"DNAH12",6.70667882023618,3.64167248344876,0.916194793306294,3.97477971939457,7.04444256255991e-05,0.0023379706588345
"MUC20",76.2346103828293,1.75279610200182,0.43718261476582,4.00929964459066,6.08990990998634e-05,0.0021020120433228
"STX19",4.9400170675847,4.99621413412078,1.04884549088439,4.7635368388798,1.90228862377453e-06,0.000193639062715195
"GATA2",68.6481851141057,-1.59904364715491,0.477469842701318,-3.34899401836191,0.000811055466985223,0.0124905534740326
"PLGLB1",103.378094584297,1.94587595155667,0.582147751957531,3.34258089121442,0.000830031590961791,0.0126659482445303
"FOXL2",27.2992724546267,-1.78716695983874,0.531708187260943,-3.36118006578985,0.000776102110474585,0.0121509385885165
"CFAP91",55.2993976428478,2.5926482734534,0.478283975243653,5.42072995887562,5.93561645814012e-08,1.57284414527288e-05
"KCNH8",100.656701831219,2.65561396566114,0.611543148088455,4.342480124194,1.40883234405537e-05,0.000710545231167985
"LRRIQ4",1.28513133135618,3.76242544213309,1.26338316868325,2.97805569632089,0.00290083266104253,0.0296872387850742
"FSIP2",9.1761993751796,1.81984253473878,0.655767451220185,2.77513397676662,0.00551789715483124,0.0451105656722589
"CRYGS",140.742855364657,1.80185532911905,0.50900727489741,3.53994022871719,0.000400217662899528,0.00772396955427135
"STIMATE-MUSTN1",7.53702319569953,4.38872427523354,0.948135936781053,4.6287922490665,3.6780452433884e-06,0.000303966768777852
"PKD2L2",7.70615193809704,2.31910345781726,0.839327546351444,2.76304938149403,0.00572641021099681,0.0460329173955359
"FAT2",4093.01794482046,3.67136963092066,0.757714905316656,4.84531794895385,1.26409077021836e-06,0.00014258602241909
"SOD3",878.357714553765,-1.79439538995818,0.594832576444745,-3.01663940580238,0.00255593661082639,0.0270226762388446
"LRP2BP",174.620745327673,1.6358168025998,0.338735707367574,4.82918324528663,1.3709420482422e-06,0.000150569122061548
"TLR2",106.941539351677,1.75525691239404,0.546106795028743,3.21412758158713,0.00130841522949099,0.0173768367868915
"ZGRF1",71.2730604222048,2.27153561480075,0.513394915234128,4.42453859085231,9.66486268040875e-06,0.000570124443769412
"SPATA9",11.5463601058581,2.24635244367478,0.694597476457056,3.23403484725108,0.00122054562194341,0.0166197297004269
"ADAMTS19",15.0864334718724,2.54522222516764,0.777945374324212,3.27172358005037,0.00106894031476807,0.0150844375441574
"GLRA1",4.64880760287774,-4.4590765003792,1.15293359321256,-3.86759179074168,0.000109915460025638,0.00321144306583519
"DDX4",2.0540201259389,3.61519576153805,1.13469169261092,3.18605995362449,0.00144224706280956,0.0187222958526771
"NKX6-1",8.91748591773764,-2.11473650188111,0.680088991123166,-3.10949968237043,0.00187404486035752,0.0219238296417719
"PPBP",3.21235675045427,-3.58075662080084,1.21971747328213,-2.93572626385797,0.00332767828261941,0.0320370595444339
"ERAP2",185.669263903502,-2.43337040382466,0.74950208419405,-3.246649282425,0.00116772190001722,0.0160973983475536
"LEAP2",40.676242526309,1.52796679456411,0.417341500912062,3.66119063458794,0.000251045870196387,0.00564458608721284
"SH3TC2",249.633714256458,1.78129073990686,0.589924146776722,3.01952505188952,0.0025317135430848,0.026868675072001
"SLC23A1",9.09308152514071,2.54323522676946,0.904248214746365,2.81254105376677,0.00491517487110618,0.0415370705560481
"PLAC8L1",18.7036044357351,2.05094127144364,0.570800677650219,3.59309536892392,0.000326772920017385,0.00677658028170214
"TLR6",26.9408802390012,1.70239414097578,0.515786696802953,3.30057783872264,0.000964859447634858,0.0140064031467968
"RRH",16.4736192478234,1.93842075980375,0.505260715367347,3.83647629995225,0.000124812234684093,0.0035255760504505
"CNGA1",5.29906263411022,-2.54264623857097,0.886456168200012,-2.86832708686987,0.00412648687247548,0.0368185846334076
"RANBP17",58.4722662588746,1.87774451515916,0.561352850963936,3.34503425418569,0.00082272408771208,0.0125774321614153
"PCDHGC5",58.5941412347679,-2.72054854353588,0.718350013842372,-3.78721861364487,0.000152343055720818,0.00397999213177361
"AMACR",10.0102507595175,1.80328184510704,0.519989367247367,3.46792061278667,0.000524502211390788,0.0092754660137265
"PCDHGA6",65.2720864990088,-1.62422142023903,0.487506808884677,-3.33168971312409,0.000863204419510265,0.0130174657446291
"BAIAP2L1",17.5540330005715,-1.92178498922804,0.644769203206933,-2.98057813504356,0.00287704831694812,0.0295323057672073
"POU6F2",65.5104373233924,1.58841690423042,0.474432268788745,3.34803724098647,0.00081386074125379,0.0125106733098442
"PSMA2",25.1996412544019,2.47503200618045,0.822233540120871,3.01013262705948,0.00261133635943419,0.0274519201413063
"CCN6",43.9154407910334,2.56845035256698,0.74492351120455,3.44793836405266,0.000564882927856967,0.00973184272202705
"ALDH8A1",78.6128540806103,2.60916474302724,0.539369951109403,4.83743066824649,1.31528240800158e-06,0.000147109784993298
"NPY",230.161953110329,1.91963153920772,0.546508159762738,3.51253957496465,0.000443845898222965,0.00826960203675689
"COL10A1",8.47313848692876,2.33138262012394,0.716710146034074,3.25289467858755,0.00114235829988423,0.0158175835037704
"TAS2R5",14.085466378769,3.11029874583631,1.09380416244348,2.84356089749021,0.00446124831199551,0.038830072638401
"CPA4",6.0806875348893,2.5536696591951,0.868149369249363,2.94150954852747,0.00326616772854937,0.0315760719765506
"DMTF1",956.137091747154,1.62275050482774,0.291311712528921,5.57049522911522,2.54016272772611e-08,8.48109531533193e-06
"CEP162",104.028191359957,2.46453475403444,0.464349065531182,5.30750449818434,1.11136263961024e-07,2.47374505408712e-05
"MYO1G",49.8917253907036,1.66079134374797,0.573536436313993,2.89570328682438,0.00378309911164808,0.0348391790907215
"CRIP3",50.3259921495433,1.64951721254403,0.532575470146713,3.09724593979069,0.00195327746816386,0.0224110062223557
"MTFR2",7.75986470152388,2.6715991565429,0.85350801656623,3.13013950037761,0.00174723308336868,0.0209542450386184
"ZC3HAV1L",14.2302601511628,-1.5558574260243,0.558639038286952,-2.78508539395186,0.00535136278189063,0.0441818250647291
"SYCP2L",20.7103015847556,3.26322546466694,0.69097885308717,4.7226126387044,2.32834058955036e-06,0.000228643045893846
"CPA2",4.13131797270895,3.94065952092269,1.11377368205597,3.53811513452933,0.000402994294825288,0.00775067598826424
"NOS3",106.936452920793,-2.18074532981839,0.46866074372591,-4.65314272426831,3.26913800691403e-06,0.000282771968328615
"SUMO4",2.54239147696166,3.16646545112911,1.14874957356083,2.75644537678814,0.00584333716201896,0.0467859331332108
"ZNF713",14.3608316612053,-1.50395673230813,0.539398437057924,-2.7882111422333,0.00529999885574741,0.0438879865564719
"H4C3",7.92129783575417,-3.43718681988281,1.19527329635654,-2.87564930159498,0.00403197411123129,0.0363247575892581
"KEL",28.0596396210892,1.80559424084579,0.644792748048355,2.80027070141674,0.00510597683669015,0.04281224375274
"LRRC73",214.94424749953,-1.8556407893109,0.397109206539683,-4.67287274823095,2.97015803340501e-06,0.000266579667793888
"COL28A1",23.7128488537254,2.46630064591998,0.55906074736412,4.41150743912569,1.02653426757927e-05,0.00059092976079201
"ZKSCAN8P1",50.9897909426651,1.78349062212166,0.442267331186155,4.03260764781871,5.51613332361537e-05,0.00196910834877241
"CYP21A2",19.021428471543,3.09672150326965,0.846779429612017,3.65705801886157,0.000255126649098547,0.00567877904006818
"OR2I1P",2.20265675439411,4.27536129935079,1.32390429903577,3.22935827194204,0.00124068359573394,0.016770827487597
"H3C6",57.5389675502607,2.08059772719214,0.628727331361846,3.3092210619912,0.000935559368999542,0.0137726879242314
"PRICKLE4",10.3039542259618,2.42288559786762,0.665882755114943,3.63860691579163,0.000274116825043544,0.00595072337747325
"SLC38A5",397.243835545909,-1.6107809186979,0.445127183943495,-3.61869815369976,0.00029608874308807,0.00630472637386765
"RBM41",234.693124153514,1.51466264678794,0.319334487206473,4.74318530403074,2.10383659708355e-06,0.000210308072764747
"VSIG1",2.71273822518261,3.03346359948344,1.06324992528203,2.85301087482212,0.00433071395160701,0.0380911162845772
"RHOXF1",53.1042881230726,1.58400824671812,0.556137949870897,2.84822901779286,0.00439632752903056,0.0384375859253207
"PAGE4",1.41753063911903,-4.15440390513217,1.50620443944539,-2.7581939053784,0.00581217098008421,0.0465587247320182
"PHEX",63.0471663974424,1.60507420745963,0.518098221642867,3.09801142024771,0.00194823920797107,0.0223685731347104
"VGF",1311.48965134505,-1.86660431981931,0.577457989341992,-3.23245041937387,0.00122733432105056,0.016657820451722
"LRRC17",25.1712094270978,2.54417734475038,0.583581244949654,4.35959408697219,1.30303920706356e-05,0.000684054607632673
"POMZP3",233.535151187401,-1.51006293273985,0.41479553911069,-3.64049945179588,0.000272109687105416,0.0059297253017584
"ZNF182",119.260712704636,1.52299498101083,0.3982868128394,3.82386494333906,0.000131375897127823,0.0036371297291076
"GPC3",21.3964021831995,-2.08438085936982,0.665754418321642,-3.13085546563027,0.00174297919606001,0.0209182564335197
"GNRH1",138.36982683175,1.88925771231332,0.512961244341104,3.68304181486472,0.000230467337382595,0.00530678859346901
"DOCK5",456.852725244531,1.63867229362598,0.382968777890193,4.2788665505673,1.8784743986804e-05,0.000869997619575121
"PXDNL",9.58369558065101,2.63783146981916,0.892551085958199,2.9553843038433,0.00312279796943581,0.0308216883373464
"NAT2",3.9284076360523,-3.75141000782603,1.32924236418912,-2.8222167069694,0.00476929377766217,0.0406424657091844
"ALAS2",15.6913255212941,-5.90808058320641,1.18323298520697,-4.99316758159252,5.93969761478448e-07,8.65454572745821e-05
"SOX17",65.794766303296,-1.87467166577322,0.643542256299084,-2.91305139238902,0.00357915691421554,0.0336243362554385
"DEFB1",14.9819606949739,-4.68199861727535,1.24572095934261,-3.7584649934333,0.0001709589512547,0.00433078715060086
"CFAP47",6.23810898706981,4.07111540369069,1.33265781094747,3.05488428480848,0.00225147371479923,0.0247713813145002
"VEGFD",31.3408303647876,1.90784599432132,0.47071453829319,4.05308491477481,5.05466449789157e-05,0.0018627498703709
"INTS6L",495.338997876507,1.56781555172492,0.376684217857605,4.1621482329201,3.15267577809442e-05,0.00128996983920363
"MAGEC3",4.21411100295331,3.33589321526512,1.21781492061434,2.73924482185051,0.00615804980527875,0.0486424416607562
"FAAH2",65.7765706379818,1.54693562121698,0.363114741662128,4.26018402374964,2.04258658571718e-05,0.000919108907330527
"ZMAT1",286.368259701705,1.87397681589139,0.352707194763755,5.31312330372673,1.07762067448104e-07,2.43105399186303e-05
"MTBP",87.1690555834415,2.63768983103705,0.509460459050423,5.17741815714885,2.24977584306059e-07,4.31698366943143e-05
"RAB40A",10.2150083305902,2.16261543667444,0.730354157954146,2.96105035224598,0.00306591810747134,0.0305496061019755
"FANCB",25.5282601433058,1.74505201624719,0.469524261870289,3.71663864460593,0.000201890873544959,0.00482860493260679
"MAGED4B",3.65031199683051,-1.7542655520232,0.618795038197392,-2.83497029506497,0.00458299468135029,0.0396211875766244
"COL4A5",334.914550312779,1.79638263237522,0.477589837580745,3.76135020266529,0.000168998620264835,0.0043007057419225
"SPDYE18",60.6163258011326,2.06617952288753,0.377987407080672,5.46626550033862,4.59615765430751e-08,1.34610975229841e-05
"MTCP1",9.94839791365266,1.98779079643308,0.666919378078032,2.98055636374162,0.00287725283700335,0.0295323057672073
"KANTR",598.207776901659,1.77169422295424,0.30192763597365,5.86794321507178,4.41234303765145e-09,2.49525732022749e-06
"FGF20",33.1505313936653,3.11430757652808,0.651999799959816,4.77654682826593,1.78331039273348e-06,0.000182641617768667
"DKK4",27.9474204979518,2.93289883612354,0.980178924295654,2.99220760967809,0.00276967838857786,0.0287008137920042
"IL7",13.6451678510277,3.94313429287189,1.06020613331143,3.71921475360265,0.000199843089772292,0.00480025977073186
"ENG",611.816233638749,-1.84379274113512,0.415523999106493,-4.43727136122065,9.11064106760738e-06,0.000543189435652277
"GALNT12",284.943234189667,2.80523611647881,0.449822981306977,6.23631124476588,4.4800930349857e-10,3.73953365630257e-07
"KIF18A",3.85290398025931,2.94692712246803,0.954585708297629,3.08712679946096,0.0020210136780356,0.0230456300144305
"SLC31A2",7.78406094139494,1.81700982155835,0.62753133189953,2.89548860621554,0.00378568772436617,0.0348391790907215
"IL11RA",36.5338969596706,2.26784890816972,0.648517542610576,3.49697388144752,0.000470567901789594,0.00857604863807367
"ST18",1335.9483467804,1.58582660578076,0.423454503699899,3.74497517897372,0.000180411611209539,0.00446191324078821
"PGM5",143.238172122093,-1.64384828792167,0.363355493179351,-4.52407716073875,6.06595931000388e-06,0.00041845092860002
"FREM1",147.172660243293,1.98036935915821,0.519394923138965,3.81283926918238,0.000137379458610562,0.00375532849291964
"NKX6-3",64.5784386232075,2.09645164589515,0.5734278200816,3.65599919026744,0.000256182162181611,0.00569468044668417
"ALDH1A1",3287.21233317136,1.58502100920439,0.435486500515667,3.63965589594061,0.000273002616642486,0.0059342521904032
"CEP295",80.4688228503438,2.12727996314878,0.578846563862249,3.6750325491351,0.000237819093596736,0.00540156727687607
"CLIC3",21.5260491834044,-2.14541639311126,0.723002508091372,-2.96737060950849,0.00300358673237233,0.0303155241295185
"LCN15",32.968440713014,1.70756616917392,0.555208888140644,3.07553824451989,0.00210122978828047,0.0237554826792096
"WDR97",74.1422018252138,2.45756252123001,0.648002216723118,3.79252178126435,0.000149125165819221,0.00393907518700327
"MYMK",1.68259653314304,-5.02962638798857,1.74303651031151,-2.88555423723722,0.00390725131257213,0.035527044342091
"LCN10",1.91616750635282,-4.4110152980466,1.53434894512555,-2.87484493801744,0.00404225963267353,0.0363374283268536
"CFAP77",14.4251730391897,-2.85814037202026,1.02344716785744,-2.79266039497056,0.00522765432957875,0.0435264146523629
"ZNG1C",117.643259810382,1.98687860560756,0.356035547959681,5.58056243819945,2.39742069017605e-08,8.33802937537481e-06
"ZNG1F",194.120419723897,1.81464481609518,0.38397945389948,4.72589040290219,2.29109200014801e-06,0.000226316507990952
"PAX2",35.1543228550369,-2.51495788551656,0.757863303374599,-3.3184848432666,0.000905072342510238,0.013430469054103
"PDE6C",42.4808971469662,1.7370903699225,0.568538905899981,3.05535883630115,0.00224791394819292,0.0247537437012748
"FNBP4",872.693199178213,1.65693247084231,0.3211120976088,5.159981461866,2.46974296549823e-07,4.5307570402228e-05
"LDB3",101.187903044606,1.59728743309436,0.540776582783437,2.95369193849509,0.00313997278773588,0.0308920584810982
"ECHDC3",89.7029704357668,-1.59001228695901,0.368633704130382,-4.31325803675465,1.60866180665632e-05,0.00078547512488107
"SYTL2",570.638137945414,1.67268627240678,0.332517532623419,5.03037015585317,4.89533817250624e-07,7.56692365294622e-05
"CYP2C8",41.2689263002787,3.12419118451322,0.69199326060271,4.51477111466681,6.33851864529379e-06,0.000424960764114597
"PROSER2",34.2310532353453,-1.73854591773703,0.487816638809542,-3.563933206501,0.000365338956831502,0.00728348022158405
"ESAM",364.256483343116,-1.57597862922114,0.423506619981797,-3.72126090800865,0.000198230496616051,0.00476838603819649
"TAGLN",452.326050419356,-1.56033783135234,0.516666754080484,-3.02000819489399,0.00252767846286793,0.0268429161953672
"KCNJ1",3.57615225310369,4.41538977945314,1.11539229290718,3.95859807130706,7.5390983951056e-05,0.00243351389197169
"ROBO4",158.47550781139,-1.63509460628314,0.471257297579815,-3.46964304782189,0.000521150468069836,0.00922596597450461
"CFAP70",30.7237255135222,1.54159922842844,0.510924951671891,3.0172713690805,0.00255061364749478,0.0270006141522245
"IGF2",104.031734170177,-2.51718094161718,0.571756250809557,-4.40254205888098,1.06989840440426e-05,0.000609442551463209
"CTSW",9.29644850656238,-2.89036030000532,0.880104861939803,-3.28410900223275,0.00102305345693632,0.0145724013738011
"MRGPRF",228.396435755544,-1.895360965893,0.407464466074788,-4.65159817284561,3.29372406134176e-06,0.000283295202864784
"MMRN2",214.732800299049,-1.62327462683441,0.422340949602229,-3.84351701714752,0.000121283585296847,0.00343754012799269
"CD248",45.2522161142901,-1.96429200540823,0.487950020116498,-4.02560082882926,5.68300224617519e-05,0.00201855403186486
"LRRN4CL",17.7111733383677,-1.88010683323448,0.621669451134703,-3.02428699014053,0.00249219901552284,0.0265838937170636
"PHLDA2",56.1897274728343,-2.16664397290227,0.595990453732267,-3.63536690786591,0.000277585276236893,0.00600260181541282
"TSKU",88.6520263751059,-1.57275919955509,0.565298831077659,-2.78217309693859,0.00539962323961267,0.0444922558549328
"CTNNA3",643.521963359237,2.15599270416208,0.679220207944903,3.17421754968894,0.00150241036584621,0.0191313795937732
"OLFML1",23.5317273317069,-1.63700615094018,0.59237387273708,-2.76346784738555,0.00571907266102585,0.0460116621702003
"CENATAC",360.690350169841,1.87130025280048,0.354952842743546,5.27196863204869,1.34968149473435e-07,2.84448551772629e-05
"RTN4RL2",275.848876134335,-1.60546540569634,0.433512444699426,-3.70338943051447,0.000212737926667897,0.00500203795463926
"AGAP4",214.34577355658,2.24076800197831,0.411580316559942,5.44430312097291,5.20085908305224e-08,1.44705235887457e-05
"CC2D2B",11.502318479017,2.00731220600229,0.677074280951804,2.96468535650253,0.00302992650921029,0.0304524943677042
"AGAP9",97.6913680914634,2.0733164191918,0.590536555913436,3.51090275179462,0.000446587739513419,0.00830507627439459
"GPRIN2",732.629493119852,-1.70701612163453,0.453292535294323,-3.76581564601801,0.000166006251944418,0.00423747457180446
"SCART1",32.0562025342027,3.43667458909478,0.614087392708009,5.59639333082495,2.18856870846713e-08,7.77360979130857e-06
"HBB",2255.02059673204,-3.45352906471249,0.807293046038542,-4.27791256429032,1.88654090263684e-05,0.000869997619575121
"RBM14-RBM4",25.2401822012437,1.84126882040424,0.66025909620053,2.78870648053143,0.00529190019745587,0.043842670916292
"C11orf97",10.8430101634973,-1.90439779812977,0.626084666533787,-3.04175760871632,0.00235201210687744,0.0255628190834713
"CLEC2D",32.4869587946538,1.79779087747749,0.583788866547203,3.07952237614679,0.00207332795204325,0.0234977167898235
"SLCO1A2",1847.77493695659,2.37840787561671,0.707363857185369,3.36235425581467,0.000772809094462933,0.0121272913834915
"LHX5",41.5263149997417,-3.8533395247268,0.981901511063316,-3.92436459391325,8.6958953528609e-05,0.00271344443029271
"TBX5",7.30549159559206,2.96796081558995,1.01379309310561,2.92758042619725,0.00341610696126904,0.0326063405439825
"UGGT2",151.157473143519,1.55544081933233,0.337723189645174,4.60566779843143,4.11144297402389e-06,0.000329144338475092
"GATA3",4.42278006205805,-6.74248492174058,1.49927884964666,-4.49715202967721,6.88697445995574e-06,0.000447358566671211
"VWF",1558.23637653765,-1.79002985499131,0.507548936234688,-3.52681234694502,0.000420594743049722,0.00797887345508188
"KRT18",166.37862208237,-1.71832649426345,0.510712908400525,-3.36456444706867,0.000766645773971912,0.0120698702218475
"FLT3",186.113766882141,2.20481756035407,0.607365403065101,3.63013360528497,0.000283274553258066,0.00607058458548159
"BEST3",142.900490317854,2.07661100980179,0.544941077139884,3.81070742675678,0.000138569686811938,0.00375532849291964
"PRH2",37.3317319434066,2.05385388435377,0.494721713340779,4.15153373900736,3.30254565941466e-05,0.00133520321354251
"NEK3",96.7996529273319,1.77680179892205,0.40456373592301,4.39189586498227,1.1236651868208e-05,0.000619091307880741
"ALG10",19.6098833721044,-1.50303106878754,0.53048554010516,-2.83331204181285,0.00460683913028917,0.0397655493490421
"DHH",10.4034006746929,-3.90446372657535,0.924548218283516,-4.2231044842899,2.40960043483714e-05,0.00103408405293499
"CSAD",261.033333710879,1.53266910699978,0.244151978075199,6.27752074377099,3.44014378396468e-10,3.19054224052813e-07
"CENPJ",227.661501672368,1.84870974709187,0.436705345451014,4.23331146813096,2.30275233401636e-05,0.0010006412603496
"KIF5A",17881.0762631079,2.79114234645271,0.275839257326726,10.1187277456546,4.56308238212598e-24,7.61760972872111e-20
"OTOGL",30.7664424667205,2.37275087571731,0.648305745193653,3.65992572687838,0.000252288364405567,0.00564611264244837
"SMCO2",3.8614114655986,3.41381986239309,0.985079458953117,3.46552740630801,0.000529192588405704,0.00930627783916813
"KRT8",30.411453414268,-2.00758915348626,0.654587505968419,-3.06695305850081,0.00216252814644892,0.0241157280406268
"SMAGP",33.2830106784417,-1.91395513564096,0.446013265990982,-4.29125158730068,1.77668881415038e-05,0.000837854323825604
"PAH",52.7641848640699,1.93025855201708,0.57099447916153,3.3805205172063,0.000723486733644567,0.0115910628900791
"DPY19L2",249.544263245536,2.02453135391794,0.441927655815985,4.58113749450643,4.62453662715873e-06,0.000352840224894197
"LACC1",178.134536830526,2.07879793880967,0.542540762088654,3.83159770485592,0.000127313795673472,0.0035720613528957
"HCAR2",2.49562453528017,-5.21511629037221,1.77774860863881,-2.93355104598581,0.00335108544921409,0.0322066899764997
"MANSC4",3.50380649321379,-4.29764212841658,1.45265341231174,-2.95847728852083,0.00309163022630503,0.0307212351178191
"UBE2L5",3.91547520941002,3.44854610704172,1.11014889978568,3.10638159233186,0.00189392140904409,0.0221231480107898
"C13orf46",1.6062526905512,4.00261763096776,1.27010626622407,3.15140373479713,0.00162487715107095,0.0200189661697258
"PLEKHH1",1021.60206016216,1.57774727847625,0.341884938964836,4.61484873610805,3.93381718358028e-06,0.00032034704420824
"KIF26A",61.3366917849188,-1.68087814116079,0.359543116644628,-4.67503913535402,2.93897568842486e-06,0.000266015879123412
"SLC24A1",92.6275634088807,1.62507575453314,0.347207012105037,4.68042319963724,2.86283342173609e-06,0.000262594182101442
"RPGRIP1",8.21794247980465,2.78712354425995,0.724401283244037,3.84748565294993,0.000119336263239568,0.00340818171803933
"TGM1",78.2036646913071,1.78121853508078,0.614657707579667,2.89790319573909,0.00375666522255861,0.0347447470285409
"VSX2",2.04515162979286,-4.18737579948153,1.30331151742442,-3.21287408535799,0.00131413888321225,0.0174251267008303
"PGF",118.770513723112,-1.95478571708473,0.551715766616943,-3.54310287174001,0.000395448411424871,0.00767629741898465
"UNC13C",1777.72352059134,1.76594360597725,0.347469978163732,5.08229118184453,3.7290916882248e-07,6.10328006306125e-05
"UACA",140.237502315482,1.5076970736807,0.452635313159592,3.33093117096038,0.000865560012849239,0.0130412083524415
"ZNF280D",642.615878100281,1.54384210623462,0.229257789600552,6.7340878969676,1.64961438600819e-11,1.96704732571577e-08
"MCTP2",11.1919711609181,2.73249430969573,0.76362610617358,3.57831442325599,0.000345817279303183,0.00703595673618371
"ADAMTSL3",55.5863900428715,1.78517149027737,0.469432932235672,3.80282542550967,0.000143055166192839,0.00385187571681169
"STARD9",271.797514855752,1.90445567339088,0.438232705828992,4.34576344499042,1.38792081893467e-05,0.000704253803990741
"OTX2",184.849485081747,-4.66697073286481,1.40015684127727,-3.33317710936401,0.000858602673775883,0.0129597767052573
"CHRFAM7A",8.88146599401185,-3.05467055824476,0.7441342166803,-4.1049994608125,4.04315823377179e-05,0.00157702064379874
"ANPEP",15.323291559894,-1.9608616517851,0.663586575289662,-2.95494472733895,0.00312725071918195,0.0308216883373464
"BDKRB2",54.0453966105903,-1.99602801281847,0.716336377049577,-2.78643955098252,0.00532905563067183,0.0440965137592142
"USP50",8.97533135951887,3.34937763030723,1.15221724565028,2.906897673118,0.00365032585351587,0.034081957381764
"GOLGA8A",1400.67937773965,1.85460323872295,0.40288185984993,4.60334262608343,4.15763391959933e-06,0.000330512098351386
"CLEC14A",163.599202751539,-1.68165281074951,0.471534368816427,-3.5663419719978,0.000361998932417714,0.0072756603080625
"SLC25A21",3.44848120083961,3.67101074829441,1.11510665457486,3.29207142046336,0.000994523519351406,0.0143265470230097
"DLK1",16.2305368612512,-4.19551419267482,1.17721940532265,-3.56391864906858,0.000365359229662185,0.00728348022158405
"SLC24A5",3.8104670631226,3.28975641191987,1.05923306739009,3.10579089078638,0.00189770863492578,0.0221231480107898
"GOLGA8M",42.9511664366173,1.60604488939903,0.552806568119123,2.90525652555732,0.00366952217051149,0.0342141356190094
"DIO3",23.222708732473,-2.46239686200063,0.867894466706328,-2.83720769801133,0.00455099964452314,0.0394058029386252
"GOLGA8B",1112.32755705396,2.35633915621621,0.461918854277427,5.10119717867373,3.37511705415697e-07,5.74940858184658e-05
"GOLGA8N",67.1466105560472,2.58209626782951,0.414734300905804,6.22590478335182,4.78784791326997e-10,3.80611109829185e-07
"JMJD7",9.59085780505311,3.30090570709683,1.09764724238704,3.0072555003358,0.00263618092029974,0.027643470027314
"GOLGA8S",16.6541826089575,2.4020012811889,0.858567840478347,2.79768373323957,0.00514704838812295,0.0430485099154932
"SLC4A1",8.09174993633309,-2.46238146732271,0.81407561681794,-3.02475767171074,0.00248832410391732,0.0265771481706947
"MAP3K14",180.701352495321,1.5989037335122,0.34524241208959,4.6312494569679,3.63465634967817e-06,0.000303966768777852
"MMP25",11.7808101038664,-2.33117255280649,0.693949127406354,-3.35928450766887,0.000781445703483368,0.0122142531336818
"NGFR",298.945410534765,-1.65947067521912,0.561977738077592,-2.952911766391,0.00314791925506653,0.030894393911864
"GSDMB",201.000050948411,1.76581857359783,0.457676659914069,3.85822290769508,0.000114214458715283,0.00329318368979455
"ATP2A3",551.379374620037,-1.59667440998903,0.461148987779262,-3.46238298749841,0.000535414671351296,0.00933614493396494
"CACNG5",70.4206631374255,1.50998995510701,0.385470001332521,3.91726969644114,8.95575367675481e-05,0.00277824687454295
"CETP",10.4764388294142,-2.61205411812028,0.782082805575184,-3.3398690004433,0.000838179171890662,0.0127320865291562
"MMP2",76.0558595264862,-1.53130999413333,0.506911052645682,-3.02086527042778,0.00252053486951742,0.0267840923690158
"IGFALS",27.0867242787285,2.02746524099823,0.593981798727016,3.4133457377707,0.000641704762299444,0.0106275985137172
"ICAM2",86.6924347256551,-1.86904406895382,0.511351460762325,-3.65510654094434,0.000257075196283929,0.00570693261537755
"SGCA",83.3455789201925,-2.83004716645795,0.602922312068399,-4.69388362283215,2.680665716993e-06,0.000250088576348043
"WSB1",1211.95165357834,1.7422885849849,0.308469633331399,5.64816888511389,1.62165828908746e-08,6.76799086950653e-06
"CDH15",934.10720580137,-2.76958846324591,0.756509540997648,-3.66100929750801,0.000251223640996714,0.00564458608721284
"HIGD1B",265.207348479257,-1.66876611138428,0.510906478615883,-3.2662848901529,0.00108968561495771,0.0153254672938006
"AOC3",37.3911331277114,-1.52863462287064,0.534037742258328,-2.86240934284228,0.00420433518669082,0.0373534707858524
"TGFB1I1",136.107119728694,-1.73604930934114,0.423133574994084,-4.10283988777165,4.08109684578795e-05,0.00158441466845544
"ADAMTS18",413.766941443292,9.17105472652722,1.16270197252011,7.88770892565816,3.0778460589093e-15,1.2845390526858e-11
"OR4D1",2.58271707561512,-3.75767221183438,1.32685346168821,-2.83201749125585,0.00462553183175449,0.0398473302698676
"IGFBP4",840.629249610792,-1.50439704124038,0.438199724934772,-3.43313095749732,0.000596653836642339,0.0101122224862002
"TEKT5",3.44646379101892,4.30106316998638,1.30109392456742,3.30572842496083,0.000947298542784574,0.0138964867075973
"ABCA6",34.8370509552317,2.18725204525779,0.592334009966204,3.69259912221245,0.000221973779283628,0.00516104494618508
"ABCA10",133.008642435175,1.65028380528836,0.440375311277282,3.7474485127284,0.000178642490603326,0.00444449737426516
"PDZD9",16.5876736860414,1.99627354997388,0.59655755594655,3.34632179254928,0.000818912994567809,0.0125767557785787
"CLEC18A",9.52534615138076,2.33991281592476,0.660303849635743,3.54369101015476,0.000394567378082074,0.00767629741898465
"AGRP",6.27846162212806,2.99271763216981,0.892682783235801,3.35249843323044,0.000800856947211159,0.0123995696784454
"MSLNL",1.91013219906946,4.03991057678021,1.35851746514324,2.97376418076029,0.0029417105752314,0.029848603096609
"TMEM92",10.4045534650931,-2.64830635976146,0.751406138348776,-3.52446729485222,0.000424335193659655,0.00803157791718173
"TMEM88",54.9512730952932,-2.02909598880711,0.533517568057827,-3.80324118696534,0.000142815188845921,0.00385162643391567
"NPIPB12",16.5346228905496,2.47196586513526,0.820572388155993,3.01248969721039,0.00259114231516625,0.0273084152837029
"NPIPB3",42.9412783184855,2.13981069269102,0.7058654849509,3.03147092231017,0.00243365359378812,0.0261774568909143
"KRT19",269.050027609896,-3.01231996035069,0.536811719865363,-5.6115018522811,2.00578141148982e-08,7.51706775778601e-06
"CBX2",30.7432269835761,-1.75086528237309,0.556516168081727,-3.14611754840512,0.00165453493428051,0.0202369443145315
"C1QTNF1",239.314930433428,-1.74046373140517,0.593811919357267,-2.93100167690979,0.0033787095763211,0.0323789768467878
"VWA3A",49.5671593642361,2.56145932274327,0.582292507120327,4.39892200469955,1.0878991274472e-05,0.000609442551463209
"HSF5",2.40366880522553,3.11464036108399,1.12615440120929,2.76573119790626,0.00567953291752366,0.0458481343942839
"ADGRG3",3.67453206988127,-4.02086591495287,1.39288226530306,-2.88672346192735,0.00389276206995722,0.0354725818754726
"NPIPA1",384.420684476792,2.14472982690028,0.518597048353394,4.13563832210393,3.53969321762028e-05,0.00140694377559412
"NPIPA5",166.934539203854,2.40691415417181,0.642526402910884,3.74601595088948,0.000179665172175612,0.00445506680424026
"SRL",19.0534084108774,-2.5334644328731,0.664760629149574,-3.81109277803373,0.000138353824763123,0.00375532849291964
"NPIPB4",125.67652421578,1.61993799657361,0.426344135534953,3.79960192144078,0.000144928699358463,0.00388977444869804
"ATP6V0C",211.393334077843,-2.0134433242754,0.463047883867807,-4.34823998645075,1.37234390811871e-05,0.000700622317421371
"HBA2",189.15272884251,-2.79311190530649,0.782107393555697,-3.57126390610905,0.000355262704384409,0.00717140941595323
"NPIPB6",16.1461935531063,3.40267664588483,0.775248491278161,4.38914320268434,1.13798118328243e-05,0.000624916377424897
"BTBD17",140.729409890687,-1.57532465443057,0.427975959049755,-3.68087183665245,0.000232437823916297,0.00533476146478451
"NPIPA9",12.0799179123559,3.0091611333328,0.795612234887572,3.78219564931405,0.000155451101498166,0.00403592642054492
"NPIPB5",183.800025102034,1.87660443008459,0.418176806245177,4.48758611682624,7.20346977150253e-06,0.000453791412699862
"NPIPB11",48.5773621976739,2.19064251602445,0.502751027654867,4.35731086665884,1.31670192615778e-05,0.000684767039105235
"CEP95",476.683051612094,1.62857993626398,0.33111326605591,4.91849799817139,8.72108089189877e-07,0.000113617479666823
"SLC22A31",916.989890930349,-4.90376202694676,1.0600722840412,-4.62587514150703,3.73019974209543e-06,0.000305254678894809
"HPR",214.24340007808,-2.50186527695392,0.743194595659341,-3.36636634814916,0.000761654810780451,0.012035684296985
"CD79B",12.2719544751308,-2.05714438160735,0.751415440664664,-2.73769245384112,0.00618719065183814,0.048836388057582
"PGLYRP1",4.42463867865147,-4.08257052653447,1.15601482926435,-3.53159010004438,0.000413069112833553,0.00789815586104609
"CD22",153.803829534275,2.26671621129042,0.570812318259658,3.97103590581468,7.15607919772844e-05,0.00236094043729009
"EHD2",658.360647816043,-1.6629748333102,0.447780077333987,-3.71382050584139,0.000204153620221942,0.00486182672751084
"EPN3",124.588864039957,-1.74514069667375,0.484889621597803,-3.59904732735499,0.000319385066157516,0.00665112963866516
"THOC1",547.936722785302,1.95177623289474,0.290655735741981,6.71507901921245,1.87964332252861e-11,2.09191770841951e-08
"SLC4A11",104.970383137603,-1.79084828036384,0.430344429762548,-4.16143013946288,3.16260750422358e-05,0.00129086967421781
"MMP9",6.72118271904051,-3.54226649404145,1.14241721626653,-3.10067674366614,0.00193078946336985,0.0222908708862354
"SLC52A3",165.26817979511,-1.67335187359114,0.548345460361886,-3.05163805402308,0.00227596360190631,0.0249746473616015
"OPRL1",21.6224591519972,-1.81541471289173,0.620316737717475,-2.92659314590116,0.00342696867837863,0.0326726528365807
"BPIFB1",3.71252110938023,3.23635892084897,1.15049222226311,2.81302112106658,0.00490784273940099,0.0415059511533866
"USP6",29.0839441186223,1.57854213212847,0.439980088055061,3.58775811675125,0.000333533487870811,0.00688258102165058
"USHBP1",42.7787582610017,-1.50927301478731,0.400295596053131,-3.77039625134167,0.000162988550588777,0.00417320684590345
"COX4I2",30.3519225875792,-2.29487424339163,0.643883886466224,-3.56411193326549,0.000365090145802949,0.00728348022158405
"ACP4",3.83098081001599,3.15479603055508,1.11754378755633,2.82297308229281,0.0047580566242599,0.0405881437329559
"CD300LG",3.73531527617855,-3.34129840613901,1.07805630322206,-3.09937282139405,0.00193930817033432,0.0223044612704442
"ETV4",74.5469790371801,-1.99393135111529,0.727077284270447,-2.74239258226312,0.00609933955952708,0.0483257591868747
"C19orf18",10.2706400359402,2.96710603816295,0.989529211687081,2.99850272545692,0.0027130972969414,0.0282900976109555
"TSSK6",12.4248404099574,-1.92468080316008,0.690951125611511,-2.78555274290448,0.00534365458917011,0.0441447448203068
"FOXS1",21.0074409671021,-2.19018701721706,0.688635146682495,-3.18047521647464,0.00147033715446897,0.018973615785855
"SSC5D",90.7333159980929,-2.05619854259989,0.452579161266167,-4.54329036460124,5.53828805718548e-06,0.000396418943211426
"TMEM150B",12.5864725059396,-2.10961449349767,0.668457420567302,-3.15594446046735,0.00159979319872368,0.0198269841570105
"ANKRD30B",11.9338314405697,1.85168117987333,0.54470944961928,3.39939243052887,0.000675357396355438,0.0110425233837
"CYP4F12",13.8204072197541,3.54157243786845,1.02766288579806,3.44623950792788,0.000568446307118846,0.00974295960065915
"BCAM",875.859745989521,-1.73093179319407,0.447779135089875,-3.86559278347494,0.000110819708570343,0.00321743341717097
"SOX18",499.258056692082,-2.36910736583053,0.48410388823871,-4.89379949921478,9.89076066858428e-07,0.000121409087206872
"TBXA2R",24.8995336189735,-2.13327053940595,0.502039258325528,-4.24921060261529,2.14525159943296e-05,0.000952468888322707
"NMRK2",1.9403407755412,-4.23455615119139,1.4966557117173,-2.82934553220164,0.0046643310086961,0.0400959535835081
"SUSD2",63.1542185503029,-1.96463862790975,0.514134997846363,-3.82125052007612,0.00013277668874905,0.003669824572809
"CRYBB3",2.54860901035773,4.56701909836483,1.18257715304916,3.86192062529637,0.000112499119955012,0.00326052136897391
"CARD10",49.3896650852335,-1.51903803455483,0.495860980651041,-3.06343530511397,0.00218811511324844,0.0242956813676911
"SLC5A1",2.59018575633433,-3.53589109600548,1.22328304743101,-2.89049300849147,0.00384638086898552,0.0352423063813634
"NEFH",1184.89515164859,-2.16222301066317,0.69765563921295,-3.09926973872447,0.00193998309360758,0.0223044612704442
"GRIN2D",128.897745590582,-1.68765142772197,0.433795373824593,-3.89043205519378,0.000100065893554081,0.00301534300901051
"ATP4A",108.527876146594,1.61568543769609,0.516657558043287,3.12718823627608,0.00176486890057959,0.0210297797475201
"LSR",198.50957677753,-1.6580892784414,0.39382925832895,-4.21017291979983,2.55175305038739e-05,0.00108119201581642
"TSKS",4.23309999133457,3.59566602917986,1.10858871629664,3.24346259015838,0.00118086316681128,0.0162166631267138
"PRKCG",1377.73799721774,-1.8840119951095,0.502016386509875,-3.75288943894353,0.000174807965200184,0.00439131664828325
"ZNF20",4.35632306405434,-3.39081448146055,1.07480097841493,-3.15483010302166,0.00160591592763548,0.0198680140251684
"COL6A2",438.594219876214,-2.02817949138965,0.56900628888241,-3.56442368215862,0.000364656529735557,0.00728348022158405
"NTN5",51.1829674892169,1.66358358798656,0.548155080443435,3.03487762375711,0.0024063330398098,0.0259840386588518
"CLIC6",10.4067683671401,-3.65620096871194,1.17372726843196,-3.11503452892974,0.00183923378515382,0.0216569820844032
"SLX9",414.218011237237,-1.59650280030092,0.217773741043546,-7.33101609335758,2.28414231049118e-13,5.4473531044771e-10
"CDC42EP5",204.31821516893,-2.11740164313457,0.606959539726596,-3.48853836960591,0.000485669111436787,0.00877463219299321
"AZU1",5.87145815481835,3.20032054503487,1.01296124816458,3.15937115149632,0.0015810999582505,0.0197418718796064
"GPR4",198.236351703443,-1.81245151957793,0.595435291686174,-3.04391013580228,0.00233524885546816,0.0254468958180062
"DAND5",8.68154125797037,-2.08053438659649,0.702660612015302,-2.96093782833409,0.0030670384465623,0.0305496061019755
"GIPC3",36.1010390873136,-2.58889639187165,0.59862440324123,-4.3247424893709,1.52710142178205e-05,0.00075873306950088
"WBP2NL",21.4943229629726,1.54793178647139,0.517790330939845,2.9894953497137,0.00279438701171108,0.0289030339364961
"PRR36",1978.11918447013,-1.51764209993231,0.388066356251811,-3.91077988463276,9.19985850189977e-05,0.002828405853236
"TCN2",320.896214149347,-1.67867901057333,0.51140330626262,-3.28249541998713,0.00102892657093638,0.0146062076319829
"CEACAM19",77.9640615339327,1.82454969905223,0.521289631038756,3.50006904111349,0.000465137670659269,0.00852805211881289
"KANK3",232.669319666029,-1.57716405186924,0.507790403593359,-3.10593512738426,0.00189678323461687,0.0221231480107898
"TMPRSS6",10.1146054350599,-2.2914346983703,0.820409439899387,-2.79303794779753,0.00522155660343376,0.0435190543872806
"WNT7B",178.758388223754,-1.5133820828019,0.477483474392771,-3.16949625267453,0.00152703427268923,0.0193269978379636
"ZNF600",188.781341531818,1.56518871395652,0.434284550817797,3.60406261518888,0.000313281530730589,0.00656200987956894
"ZNF700",55.4301758586664,1.60725105828162,0.448951812478291,3.58000795098547,0.000343583752855258,0.00700340313817544
"ZNF534",37.7565150495482,1.81417478448525,0.592313396494693,3.06286299655137,0.00219230404476184,0.0243178230719297
"IGFL4",51.8017269030219,1.83689634397909,0.518669564358705,3.54155414199072,0.000397777214731976,0.00771253521804367
"ZNF99",3.63442582214135,3.2553653478084,1.10265367005424,2.95230083227153,0.00315415473728814,0.0309192361622362
"INSL3",11.0933356156984,2.20594450166627,0.746899858334568,2.95346755933931,0.00314225633323275,0.0308920584810982
"SIGLEC5",13.3522521023949,-1.84276804808508,0.659984309934372,-2.79213917716972,0.00523608291065855,0.0435379092610812
